{
    "epoch": 7.72,
    "eval_loss": 1.2489176988601685,
    "eval_runtime": 9.0206,
    "eval_samples_per_second": 2.217,
    "eval_steps_per_second": 2.217,
    "train_loss": 0.6916318720295316,
    "train_runtime": 1075.8776,
    "train_samples_per_second": 1.294,
    "train_steps_per_second": 0.156
}